host,port,owner,project,source,target,z,x,y,size
http://10.128.24.33,80,Forrest,M247514_Rorb_1,REG_MARCH_21_DAPI_2,REG_MARCH_21_DAPI_1,86,2491,4228,1024
http://10.128.24.33,80,Forrest,M247514_Rorb_1,REG_MARCH_21_DAPI_2,REG_MARCH_21_DAPI_1,92,1889,1950,1024
http://10.128.24.33,80,Forrest,M247514_Rorb_1,REG_MARCH_21_DAPI_2,REG_MARCH_21_DAPI_1,95,989,7498,1024
http://10.128.24.33,80,Forrest,M247514_Rorb_1,REG_MARCH_21_DAPI_2,REG_MARCH_21_DAPI_1,51,5335,2930,1024
http://10.128.24.33,80,Forrest,M247514_Rorb_1,REG_MARCH_21_DAPI_2,REG_MARCH_21_DAPI_1,81,2758,3323,1024
http://10.128.24.33,80,Forrest,M247514_Rorb_1,REG_MARCH_21_DAPI_2,REG_MARCH_21_DAPI_1,23,755,7863,1024
http://10.128.24.33,80,Forrest,M247514_Rorb_1,REG_MARCH_21_DAPI_2,REG_MARCH_21_DAPI_1,12,2186,596,1024
http://10.128.24.33,80,Forrest,M247514_Rorb_1,REG_MARCH_21_DAPI_2,REG_MARCH_21_DAPI_1,49,3813,397,1024
http://10.128.24.33,80,Forrest,M247514_Rorb_1,REG_MARCH_21_DAPI_2,REG_MARCH_21_DAPI_1,21,2826,8748,1024
http://10.128.24.33,80,Forrest,M247514_Rorb_1,REG_MARCH_21_DAPI_2,REG_MARCH_21_DAPI_1,15,3132,7469,1024
http://10.128.24.33,80,Forrest,M247514_Rorb_1,REG_MARCH_21_DAPI_2,REG_MARCH_21_DAPI_1,82,2105,232,1024
http://10.128.24.33,80,Forrest,M247514_Rorb_1,REG_MARCH_21_DAPI_2,REG_MARCH_21_DAPI_1,24,2778,3939,1024
http://10.128.24.33,80,Forrest,M247514_Rorb_1,REG_MARCH_21_DAPI_2,REG_MARCH_21_DAPI_1,5,816,5962,1024
http://10.128.24.33,80,Forrest,M247514_Rorb_1,REG_MARCH_21_DAPI_2,REG_MARCH_21_DAPI_1,90,3233,8994,1024
http://10.128.24.33,80,Forrest,M247514_Rorb_1,REG_MARCH_21_DAPI_2,REG_MARCH_21_DAPI_1,16,2324,328,1024
http://10.128.24.33,80,Forrest,M247514_Rorb_1,REG_MARCH_21_DAPI_2,REG_MARCH_21_DAPI_1,78,2769,227,1024
http://10.128.24.33,80,Forrest,M247514_Rorb_1,REG_MARCH_21_DAPI_2,REG_MARCH_21_DAPI_1,100,2700,7124,1024
http://10.128.24.33,80,Forrest,M247514_Rorb_1,REG_MARCH_21_DAPI_2,REG_MARCH_21_DAPI_1,96,1421,7069,1024
http://10.128.24.33,80,Forrest,M247514_Rorb_1,REG_MARCH_21_DAPI_2,REG_MARCH_21_DAPI_1,14,2167,5188,1024
http://10.128.24.33,80,Forrest,M247514_Rorb_1,REG_MARCH_21_DAPI_2,REG_MARCH_21_DAPI_1,81,216,2595,1024
http://10.128.24.33,80,Forrest,M247514_Rorb_1,REG_MARCH_21_DAPI_2,REG_MARCH_21_DAPI_1,39,3778,5206,1024
http://10.128.24.33,80,Forrest,M247514_Rorb_1,REG_MARCH_21_DAPI_2,REG_MARCH_21_DAPI_1,69,2742,4955,1024
http://10.128.24.33,80,Forrest,M247514_Rorb_1,REG_MARCH_21_DAPI_2,REG_MARCH_21_DAPI_1,90,2385,6821,1024
http://10.128.24.33,80,Forrest,M247514_Rorb_1,REG_MARCH_21_DAPI_2,REG_MARCH_21_DAPI_1,78,934,4399,1024
http://10.128.24.33,80,Forrest,M247514_Rorb_1,REG_MARCH_21_DAPI_2,REG_MARCH_21_DAPI_1,56,2708,9040,1024
http://10.128.24.33,80,Forrest,M247514_Rorb_1,REG_MARCH_21_DAPI_2,REG_MARCH_21_DAPI_1,26,3507,8589,1024
http://10.128.24.33,80,Forrest,M247514_Rorb_1,REG_MARCH_21_DAPI_2,REG_MARCH_21_DAPI_1,4,806,2985,1024
http://10.128.24.33,80,Forrest,M247514_Rorb_1,REG_MARCH_21_DAPI_2,REG_MARCH_21_DAPI_1,34,2857,2947,1024
http://10.128.24.33,80,Forrest,M247514_Rorb_1,REG_MARCH_21_DAPI_2,REG_MARCH_21_DAPI_1,82,2620,2103,1024
http://10.128.24.33,80,Forrest,M247514_Rorb_1,REG_MARCH_21_DAPI_2,REG_MARCH_21_DAPI_1,17,2756,8824,1024
http://10.128.24.33,80,Forrest,M247514_Rorb_1,REG_MARCH_21_DAPI_2,REG_MARCH_21_DAPI_1,18,1493,1845,1024
http://10.128.24.33,80,Forrest,M247514_Rorb_1,REG_MARCH_21_DAPI_2,REG_MARCH_21_DAPI_1,57,5105,4113,1024
http://10.128.24.33,80,Forrest,M247514_Rorb_1,REG_MARCH_21_DAPI_2,REG_MARCH_21_DAPI_1,27,1055,2634,1024
http://10.128.24.33,80,Forrest,M247514_Rorb_1,REG_MARCH_21_DAPI_2,REG_MARCH_21_DAPI_1,60,4757,2762,1024
http://10.128.24.33,80,Forrest,M247514_Rorb_1,REG_MARCH_21_DAPI_2,REG_MARCH_21_DAPI_1,45,3771,6962,1024
http://10.128.24.33,80,Forrest,M247514_Rorb_1,REG_MARCH_21_DAPI_2,REG_MARCH_21_DAPI_1,56,4126,1037,1024
http://10.128.24.33,80,Forrest,M247514_Rorb_1,REG_MARCH_21_DAPI_2,REG_MARCH_21_DAPI_1,5,2023,4259,1024
http://10.128.24.33,80,Forrest,M247514_Rorb_1,REG_MARCH_21_DAPI_2,REG_MARCH_21_DAPI_1,29,927,6920,1024
http://10.128.24.33,80,Forrest,M247514_Rorb_1,REG_MARCH_21_DAPI_2,REG_MARCH_21_DAPI_1,81,3064,1134,1024
http://10.128.24.33,80,Forrest,M247514_Rorb_1,REG_MARCH_21_DAPI_2,REG_MARCH_21_DAPI_1,7,1379,1387,1024
http://10.128.24.33,80,Forrest,M247514_Rorb_1,REG_MARCH_21_DAPI_2,REG_MARCH_21_DAPI_1,90,4276,4169,1024
http://10.128.24.33,80,Forrest,M247514_Rorb_1,REG_MARCH_21_DAPI_2,REG_MARCH_21_DAPI_1,61,3857,3286,1024
http://10.128.24.33,80,Forrest,M247514_Rorb_1,REG_MARCH_21_DAPI_2,REG_MARCH_21_DAPI_1,28,3073,4040,1024
http://10.128.24.33,80,Forrest,M247514_Rorb_1,REG_MARCH_21_DAPI_2,REG_MARCH_21_DAPI_1,14,2820,8096,1024
http://10.128.24.33,80,Forrest,M247514_Rorb_1,REG_MARCH_21_DAPI_2,REG_MARCH_21_DAPI_1,9,2124,7652,1024
http://10.128.24.33,80,Forrest,M247514_Rorb_1,REG_MARCH_21_DAPI_2,REG_MARCH_21_DAPI_1,79,4253,2714,1024
http://10.128.24.33,80,Forrest,M247514_Rorb_1,REG_MARCH_21_DAPI_2,REG_MARCH_21_DAPI_1,35,3553,3228,1024
http://10.128.24.33,80,Forrest,M247514_Rorb_1,REG_MARCH_21_DAPI_2,REG_MARCH_21_DAPI_1,23,1261,1256,1024
http://10.128.24.33,80,Forrest,M247514_Rorb_1,REG_MARCH_21_DAPI_2,REG_MARCH_21_DAPI_1,85,4153,6421,1024
http://10.128.24.33,80,Forrest,M247514_Rorb_1,REG_MARCH_21_DAPI_2,REG_MARCH_21_DAPI_1,55,5465,824,1024
http://10.128.24.33,80,Forrest,M247514_Rorb_1,REG_MARCH_21_DAPI_2,REG_MARCH_21_DAPI_1,64,2476,3731,1024
http://10.128.24.33,80,Forrest,M247514_Rorb_1,REG_MARCH_21_DAPI_2,REG_MARCH_21_DAPI_1,98,3694,2255,1024
http://10.128.24.33,80,Forrest,M247514_Rorb_1,REG_MARCH_21_DAPI_2,REG_MARCH_21_DAPI_1,66,14,9173,1024
http://10.128.24.33,80,Forrest,M247514_Rorb_1,REG_MARCH_21_DAPI_2,REG_MARCH_21_DAPI_1,63,3754,2969,1024
http://10.128.24.33,80,Forrest,M247514_Rorb_1,REG_MARCH_21_DAPI_2,REG_MARCH_21_DAPI_1,36,3424,1577,1024
http://10.128.24.33,80,Forrest,M247514_Rorb_1,REG_MARCH_21_DAPI_2,REG_MARCH_21_DAPI_1,99,4350,8522,1024
http://10.128.24.33,80,Forrest,M247514_Rorb_1,REG_MARCH_21_DAPI_2,REG_MARCH_21_DAPI_1,59,4041,3374,1024
http://10.128.24.33,80,Forrest,M247514_Rorb_1,REG_MARCH_21_DAPI_2,REG_MARCH_21_DAPI_1,80,2505,6431,1024
http://10.128.24.33,80,Forrest,M247514_Rorb_1,REG_MARCH_21_DAPI_2,REG_MARCH_21_DAPI_1,61,2403,1344,1024
http://10.128.24.33,80,Forrest,M247514_Rorb_1,REG_MARCH_21_DAPI_2,REG_MARCH_21_DAPI_1,43,1740,1159,1024
http://10.128.24.33,80,Forrest,M247514_Rorb_1,REG_MARCH_21_DAPI_2,REG_MARCH_21_DAPI_1,64,944,1314,1024
http://10.128.24.33,80,Forrest,M247514_Rorb_1,REG_MARCH_21_DAPI_2,REG_MARCH_21_DAPI_1,97,4131,194,1024
http://10.128.24.33,80,Forrest,M247514_Rorb_1,REG_MARCH_21_DAPI_2,REG_MARCH_21_DAPI_1,69,2034,6764,1024
http://10.128.24.33,80,Forrest,M247514_Rorb_1,REG_MARCH_21_DAPI_2,REG_MARCH_21_DAPI_1,95,1612,3020,1024
http://10.128.24.33,80,Forrest,M247514_Rorb_1,REG_MARCH_21_DAPI_2,REG_MARCH_21_DAPI_1,41,2226,8544,1024
http://10.128.24.33,80,Forrest,M247514_Rorb_1,REG_MARCH_21_DAPI_2,REG_MARCH_21_DAPI_1,89,791,7180,1024
http://10.128.24.33,80,Forrest,M247514_Rorb_1,REG_MARCH_21_DAPI_2,REG_MARCH_21_DAPI_1,29,1828,5583,1024
http://10.128.24.33,80,Forrest,M247514_Rorb_1,REG_MARCH_21_DAPI_2,REG_MARCH_21_DAPI_1,2,263,8259,1024
http://10.128.24.33,80,Forrest,M247514_Rorb_1,REG_MARCH_21_DAPI_2,REG_MARCH_21_DAPI_1,64,1048,2765,1024
http://10.128.24.33,80,Forrest,M247514_Rorb_1,REG_MARCH_21_DAPI_2,REG_MARCH_21_DAPI_1,87,3519,8956,1024
http://10.128.24.33,80,Forrest,M247514_Rorb_1,REG_MARCH_21_DAPI_2,REG_MARCH_21_DAPI_1,46,3793,5686,1024
http://10.128.24.33,80,Forrest,M247514_Rorb_1,REG_MARCH_21_DAPI_2,REG_MARCH_21_DAPI_1,60,3996,8935,1024
http://10.128.24.33,80,Forrest,M247514_Rorb_1,REG_MARCH_21_DAPI_2,REG_MARCH_21_DAPI_1,70,1643,2688,1024
http://10.128.24.33,80,Forrest,M247514_Rorb_1,REG_MARCH_21_DAPI_2,REG_MARCH_21_DAPI_1,78,2725,1455,1024
http://10.128.24.33,80,Forrest,M247514_Rorb_1,REG_MARCH_21_DAPI_2,REG_MARCH_21_DAPI_1,54,2170,8378,1024
http://10.128.24.33,80,Forrest,M247514_Rorb_1,REG_MARCH_21_DAPI_2,REG_MARCH_21_DAPI_1,48,2215,971,1024
http://10.128.24.33,80,Forrest,M247514_Rorb_1,REG_MARCH_21_DAPI_2,REG_MARCH_21_DAPI_1,32,3590,3368,1024
http://10.128.24.33,80,Forrest,M247514_Rorb_1,REG_MARCH_21_DAPI_2,REG_MARCH_21_DAPI_1,86,3596,6477,1024
http://10.128.24.33,80,Forrest,M247514_Rorb_1,REG_MARCH_21_DAPI_2,REG_MARCH_21_DAPI_1,79,3954,8378,1024
http://10.128.24.33,80,Forrest,M247514_Rorb_1,REG_MARCH_21_DAPI_2,REG_MARCH_21_DAPI_1,28,3019,6221,1024
http://10.128.24.33,80,Forrest,M247514_Rorb_1,REG_MARCH_21_DAPI_2,REG_MARCH_21_DAPI_1,22,176,7370,1024
http://10.128.24.33,80,Forrest,M247514_Rorb_1,REG_MARCH_21_DAPI_2,REG_MARCH_21_DAPI_1,77,234,4288,1024
http://10.128.24.33,80,Forrest,M247514_Rorb_1,REG_MARCH_21_DAPI_2,REG_MARCH_21_DAPI_1,51,965,6950,1024
http://10.128.24.33,80,Forrest,M247514_Rorb_1,REG_MARCH_21_DAPI_2,REG_MARCH_21_DAPI_1,91,3297,1192,1024
http://10.128.24.33,80,Forrest,M247514_Rorb_1,REG_MARCH_21_DAPI_2,REG_MARCH_21_DAPI_1,40,3184,7265,1024
http://10.128.24.33,80,Forrest,M247514_Rorb_1,REG_MARCH_21_DAPI_2,REG_MARCH_21_DAPI_1,6,3545,825,1024
http://10.128.24.33,80,Forrest,M247514_Rorb_1,REG_MARCH_21_DAPI_2,REG_MARCH_21_DAPI_1,33,1620,4685,1024
http://10.128.24.33,80,Forrest,M247514_Rorb_1,REG_MARCH_21_DAPI_2,REG_MARCH_21_DAPI_1,19,2333,7323,1024
http://10.128.24.33,80,Forrest,M247514_Rorb_1,REG_MARCH_21_DAPI_2,REG_MARCH_21_DAPI_1,91,3963,7967,1024
http://10.128.24.33,80,Forrest,M247514_Rorb_1,REG_MARCH_21_DAPI_2,REG_MARCH_21_DAPI_1,39,2162,807,1024
http://10.128.24.33,80,Forrest,M247514_Rorb_1,REG_MARCH_21_DAPI_2,REG_MARCH_21_DAPI_1,9,183,4712,1024
http://10.128.24.33,80,Forrest,M247514_Rorb_1,REG_MARCH_21_DAPI_2,REG_MARCH_21_DAPI_1,90,1976,5666,1024
http://10.128.24.33,80,Forrest,M247514_Rorb_1,REG_MARCH_21_DAPI_2,REG_MARCH_21_DAPI_1,36,2683,9076,1024
http://10.128.24.33,80,Forrest,M247514_Rorb_1,REG_MARCH_21_DAPI_2,REG_MARCH_21_DAPI_1,82,4042,5091,1024
http://10.128.24.33,80,Forrest,M247514_Rorb_1,REG_MARCH_21_DAPI_2,REG_MARCH_21_DAPI_1,58,2889,3540,1024
http://10.128.24.33,80,Forrest,M247514_Rorb_1,REG_MARCH_21_DAPI_2,REG_MARCH_21_DAPI_1,58,5053,1236,1024
http://10.128.24.33,80,Forrest,M247514_Rorb_1,REG_MARCH_21_DAPI_2,REG_MARCH_21_DAPI_1,86,4738,7128,1024
http://10.128.24.33,80,Forrest,M247514_Rorb_1,REG_MARCH_21_DAPI_2,REG_MARCH_21_DAPI_1,30,2160,5508,1024
http://10.128.24.33,80,Forrest,M247514_Rorb_1,REG_MARCH_21_DAPI_2,REG_MARCH_21_DAPI_1,31,3796,543,1024
http://10.128.24.33,80,Forrest,M247514_Rorb_1,REG_MARCH_21_DAPI_2,REG_MARCH_21_DAPI_1,87,3464,2461,1024
http://10.128.24.33,80,Forrest,M247514_Rorb_1,REG_MARCH_21_DAPI_2,REG_MARCH_21_DAPI_1,84,4651,8489,1024
http://10.128.24.33,80,Forrest,M247514_Rorb_1,REG_MARCH_21_DAPI_2,REG_MARCH_21_DAPI_1,15,148,7203,1024
http://10.128.24.33,80,Forrest,M247514_Rorb_1,REG_MARCH_21_DAPI_2,REG_MARCH_21_DAPI_1,26,75,1595,1024
http://10.128.24.33,80,Forrest,M247514_Rorb_1,REG_MARCH_21_DAPI_2,REG_MARCH_21_DAPI_1,30,3626,4353,1024
http://10.128.24.33,80,Forrest,M247514_Rorb_1,REG_MARCH_21_DAPI_2,REG_MARCH_21_DAPI_1,42,2698,863,1024
http://10.128.24.33,80,Forrest,M247514_Rorb_1,REG_MARCH_21_DAPI_2,REG_MARCH_21_DAPI_1,45,2015,754,1024
http://10.128.24.33,80,Forrest,M247514_Rorb_1,REG_MARCH_21_DAPI_2,REG_MARCH_21_DAPI_1,47,334,3725,1024
http://10.128.24.33,80,Forrest,M247514_Rorb_1,REG_MARCH_21_DAPI_2,REG_MARCH_21_DAPI_1,11,3398,609,1024
http://10.128.24.33,80,Forrest,M247514_Rorb_1,REG_MARCH_21_DAPI_2,REG_MARCH_21_DAPI_1,91,4193,5324,1024
http://10.128.24.33,80,Forrest,M247514_Rorb_1,REG_MARCH_21_DAPI_2,REG_MARCH_21_DAPI_1,3,709,2900,1024
http://10.128.24.33,80,Forrest,M247514_Rorb_1,REG_MARCH_21_DAPI_2,REG_MARCH_21_DAPI_1,42,1553,4472,1024
http://10.128.24.33,80,Forrest,M247514_Rorb_1,REG_MARCH_21_DAPI_2,REG_MARCH_21_DAPI_1,80,755,8895,1024
http://10.128.24.33,80,Forrest,M247514_Rorb_1,REG_MARCH_21_DAPI_2,REG_MARCH_21_DAPI_1,35,4222,4385,1024
http://10.128.24.33,80,Forrest,M247514_Rorb_1,REG_MARCH_21_DAPI_2,REG_MARCH_21_DAPI_1,44,148,664,1024
http://10.128.24.33,80,Forrest,M247514_Rorb_1,REG_MARCH_21_DAPI_2,REG_MARCH_21_DAPI_1,34,3185,529,1024
http://10.128.24.33,80,Forrest,M247514_Rorb_1,REG_MARCH_21_DAPI_2,REG_MARCH_21_DAPI_1,22,3003,7485,1024
http://10.128.24.33,80,Forrest,M247514_Rorb_1,REG_MARCH_21_DAPI_2,REG_MARCH_21_DAPI_1,37,1227,1349,1024
http://10.128.24.33,80,Forrest,M247514_Rorb_1,REG_MARCH_21_DAPI_2,REG_MARCH_21_DAPI_1,28,883,4078,1024
http://10.128.24.33,80,Forrest,M247514_Rorb_1,REG_MARCH_21_DAPI_2,REG_MARCH_21_DAPI_1,16,3734,8748,1024
http://10.128.24.33,80,Forrest,M247514_Rorb_1,REG_MARCH_21_DAPI_2,REG_MARCH_21_DAPI_1,43,749,5718,1024
http://10.128.24.33,80,Forrest,M247514_Rorb_1,REG_MARCH_21_DAPI_2,REG_MARCH_21_DAPI_1,47,2865,1470,1024
http://10.128.24.33,80,Forrest,M247514_Rorb_1,REG_MARCH_21_DAPI_2,REG_MARCH_21_DAPI_1,100,4076,8315,1024
http://10.128.24.33,80,Forrest,M247514_Rorb_1,REG_MARCH_21_DAPI_2,REG_MARCH_21_DAPI_1,66,2946,9182,1024
http://10.128.24.33,80,Forrest,M247514_Rorb_1,REG_MARCH_21_DAPI_2,REG_MARCH_21_DAPI_1,69,3390,7334,1024
http://10.128.24.33,80,Forrest,M247514_Rorb_1,REG_MARCH_21_DAPI_2,REG_MARCH_21_DAPI_1,10,1746,4216,1024
http://10.128.24.33,80,Forrest,M247514_Rorb_1,REG_MARCH_21_DAPI_2,REG_MARCH_21_DAPI_1,97,2393,1374,1024
http://10.128.24.33,80,Forrest,M247514_Rorb_1,REG_MARCH_21_DAPI_2,REG_MARCH_21_DAPI_1,84,1056,7471,1024
http://10.128.24.33,80,Forrest,M247514_Rorb_1,REG_MARCH_21_DAPI_2,REG_MARCH_21_DAPI_1,26,2357,4683,1024
http://10.128.24.33,80,Forrest,M247514_Rorb_1,REG_MARCH_21_DAPI_2,REG_MARCH_21_DAPI_1,71,3455,358,1024
http://10.128.24.33,80,Forrest,M247514_Rorb_1,REG_MARCH_21_DAPI_2,REG_MARCH_21_DAPI_1,32,470,652,1024
http://10.128.24.33,80,Forrest,M247514_Rorb_1,REG_MARCH_21_DAPI_2,REG_MARCH_21_DAPI_1,97,4010,6112,1024
http://10.128.24.33,80,Forrest,M247514_Rorb_1,REG_MARCH_21_DAPI_2,REG_MARCH_21_DAPI_1,62,3387,5087,1024
http://10.128.24.33,80,Forrest,M247514_Rorb_1,REG_MARCH_21_DAPI_2,REG_MARCH_21_DAPI_1,41,1412,4895,1024
http://10.128.24.33,80,Forrest,M247514_Rorb_1,REG_MARCH_21_DAPI_2,REG_MARCH_21_DAPI_1,93,3900,1600,1024
http://10.128.24.33,80,Forrest,M247514_Rorb_1,REG_MARCH_21_DAPI_2,REG_MARCH_21_DAPI_1,37,3734,5063,1024
http://10.128.24.33,80,Forrest,M247514_Rorb_1,REG_MARCH_21_DAPI_2,REG_MARCH_21_DAPI_1,83,806,1740,1024
http://10.128.24.33,80,Forrest,M247514_Rorb_1,REG_MARCH_21_DAPI_2,REG_MARCH_21_DAPI_1,11,688,5055,1024
http://10.128.24.33,80,Forrest,M247514_Rorb_1,REG_MARCH_21_DAPI_2,REG_MARCH_21_DAPI_1,74,583,3523,1024
http://10.128.24.33,80,Forrest,M247514_Rorb_1,REG_MARCH_21_DAPI_2,REG_MARCH_21_DAPI_1,50,4421,4844,1024
http://10.128.24.33,80,Forrest,M247514_Rorb_1,REG_MARCH_21_DAPI_2,REG_MARCH_21_DAPI_1,88,3473,742,1024
http://10.128.24.33,80,Forrest,M247514_Rorb_1,REG_MARCH_21_DAPI_2,REG_MARCH_21_DAPI_1,12,984,3509,1024
http://10.128.24.33,80,Forrest,M247514_Rorb_1,REG_MARCH_21_DAPI_2,REG_MARCH_21_DAPI_1,98,762,7860,1024
http://10.128.24.33,80,Forrest,M247514_Rorb_1,REG_MARCH_21_DAPI_2,REG_MARCH_21_DAPI_1,14,744,6463,1024
http://10.128.24.33,80,Forrest,M247514_Rorb_1,REG_MARCH_21_DAPI_2,REG_MARCH_21_DAPI_1,51,6074,348,1024
http://10.128.24.33,80,Forrest,M247514_Rorb_1,REG_MARCH_21_DAPI_2,REG_MARCH_21_DAPI_1,4,789,4656,1024
http://10.128.24.33,80,Forrest,M247514_Rorb_1,REG_MARCH_21_DAPI_2,REG_MARCH_21_DAPI_1,24,1698,1643,1024
http://10.128.24.33,80,Forrest,M247514_Rorb_1,REG_MARCH_21_DAPI_2,REG_MARCH_21_DAPI_1,84,3377,5877,1024
http://10.128.24.33,80,Forrest,M247514_Rorb_1,REG_MARCH_21_DAPI_2,REG_MARCH_21_DAPI_1,60,4456,4962,1024
http://10.128.24.33,80,Forrest,M247514_Rorb_1,REG_MARCH_21_DAPI_2,REG_MARCH_21_DAPI_1,68,4016,7978,1024
http://10.128.24.33,80,Forrest,M247514_Rorb_1,REG_MARCH_21_DAPI_2,REG_MARCH_21_DAPI_1,66,2003,4101,1024
http://10.128.24.33,80,Forrest,M247514_Rorb_1,REG_MARCH_21_DAPI_2,REG_MARCH_21_DAPI_1,27,36,1473,1024
http://10.128.24.33,80,Forrest,M247514_Rorb_1,REG_MARCH_21_DAPI_2,REG_MARCH_21_DAPI_1,85,4726,7663,1024
http://10.128.24.33,80,Forrest,M247514_Rorb_1,REG_MARCH_21_DAPI_2,REG_MARCH_21_DAPI_1,75,3895,8459,1024
http://10.128.24.33,80,Forrest,M247514_Rorb_1,REG_MARCH_21_DAPI_2,REG_MARCH_21_DAPI_1,88,2274,4478,1024
http://10.128.24.33,80,Forrest,M247514_Rorb_1,REG_MARCH_21_DAPI_2,REG_MARCH_21_DAPI_1,101,2394,8547,1024
http://10.128.24.33,80,Forrest,M247514_Rorb_1,REG_MARCH_21_DAPI_2,REG_MARCH_21_DAPI_1,98,1019,2534,1024
http://10.128.24.33,80,Forrest,M247514_Rorb_1,REG_MARCH_21_DAPI_2,REG_MARCH_21_DAPI_1,42,2612,3832,1024
http://10.128.24.33,80,Forrest,M247514_Rorb_1,REG_MARCH_21_DAPI_2,REG_MARCH_21_DAPI_1,40,465,6351,1024
http://10.128.24.33,80,Forrest,M247514_Rorb_1,REG_MARCH_21_DAPI_2,REG_MARCH_21_DAPI_1,34,2961,8824,1024
http://10.128.24.33,80,Forrest,M247514_Rorb_1,REG_MARCH_21_DAPI_2,REG_MARCH_21_DAPI_1,17,59,2895,1024
http://10.128.24.33,80,Forrest,M247514_Rorb_1,REG_MARCH_21_DAPI_2,REG_MARCH_21_DAPI_1,5,221,8635,1024
http://10.128.24.33,80,Forrest,M247514_Rorb_1,REG_MARCH_21_DAPI_2,REG_MARCH_21_DAPI_1,5,2705,8371,1024
http://10.128.24.33,80,Forrest,M247514_Rorb_1,REG_MARCH_21_DAPI_2,REG_MARCH_21_DAPI_1,75,2357,2773,1024
http://10.128.24.33,80,Forrest,M247514_Rorb_1,REG_MARCH_21_DAPI_2,REG_MARCH_21_DAPI_1,76,3374,7252,1024
http://10.128.24.33,80,Forrest,M247514_Rorb_1,REG_MARCH_21_DAPI_2,REG_MARCH_21_DAPI_1,3,987,8831,1024
http://10.128.24.33,80,Forrest,M247514_Rorb_1,REG_MARCH_21_DAPI_2,REG_MARCH_21_DAPI_1,100,913,302,1024
http://10.128.24.33,80,Forrest,M247514_Rorb_1,REG_MARCH_21_DAPI_2,REG_MARCH_21_DAPI_1,53,5118,3649,1024
http://10.128.24.33,80,Forrest,M247514_Rorb_1,REG_MARCH_21_DAPI_2,REG_MARCH_21_DAPI_1,60,581,6262,1024
http://10.128.24.33,80,Forrest,M247514_Rorb_1,REG_MARCH_21_DAPI_2,REG_MARCH_21_DAPI_1,99,2957,3676,1024
http://10.128.24.33,80,Forrest,M247514_Rorb_1,REG_MARCH_21_DAPI_2,REG_MARCH_21_DAPI_1,73,3702,1959,1024
http://10.128.24.33,80,Forrest,M247514_Rorb_1,REG_MARCH_21_DAPI_2,REG_MARCH_21_DAPI_1,85,3173,1699,1024
http://10.128.24.33,80,Forrest,M247514_Rorb_1,REG_MARCH_21_DAPI_2,REG_MARCH_21_DAPI_1,93,967,682,1024
http://10.128.24.33,80,Forrest,M247514_Rorb_1,REG_MARCH_21_DAPI_2,REG_MARCH_21_DAPI_1,55,2630,390,1024
http://10.128.24.33,80,Forrest,M247514_Rorb_1,REG_MARCH_21_DAPI_2,REG_MARCH_21_DAPI_1,32,3733,1143,1024
http://10.128.24.33,80,Forrest,M247514_Rorb_1,REG_MARCH_21_DAPI_2,REG_MARCH_21_DAPI_1,94,685,523,1024
http://10.128.24.33,80,Forrest,M247514_Rorb_1,REG_MARCH_21_DAPI_2,REG_MARCH_21_DAPI_1,65,3224,3197,1024
http://10.128.24.33,80,Forrest,M247514_Rorb_1,REG_MARCH_21_DAPI_2,REG_MARCH_21_DAPI_1,93,3386,8432,1024
http://10.128.24.33,80,Forrest,M247514_Rorb_1,REG_MARCH_21_DAPI_2,REG_MARCH_21_DAPI_1,65,1280,7111,1024
http://10.128.24.33,80,Forrest,M247514_Rorb_1,REG_MARCH_21_DAPI_2,REG_MARCH_21_DAPI_1,30,350,5964,1024
http://10.128.24.33,80,Forrest,M247514_Rorb_1,REG_MARCH_21_DAPI_2,REG_MARCH_21_DAPI_1,25,3260,3785,1024
http://10.128.24.33,80,Forrest,M247514_Rorb_1,REG_MARCH_21_DAPI_2,REG_MARCH_21_DAPI_1,96,308,664,1024
http://10.128.24.33,80,Forrest,M247514_Rorb_1,REG_MARCH_21_DAPI_2,REG_MARCH_21_DAPI_1,5,2959,7256,1024
http://10.128.24.33,80,Forrest,M247514_Rorb_1,REG_MARCH_21_DAPI_2,REG_MARCH_21_DAPI_1,85,1657,640,1024
http://10.128.24.33,80,Forrest,M247514_Rorb_1,REG_MARCH_21_DAPI_2,REG_MARCH_21_DAPI_1,41,3124,3794,1024
http://10.128.24.33,80,Forrest,M247514_Rorb_1,REG_MARCH_21_DAPI_2,REG_MARCH_21_DAPI_1,59,2586,7474,1024
http://10.128.24.33,80,Forrest,M247514_Rorb_1,REG_MARCH_21_DAPI_2,REG_MARCH_21_DAPI_1,26,2191,7175,1024
http://10.128.24.33,80,Forrest,M247514_Rorb_1,REG_MARCH_21_DAPI_2,REG_MARCH_21_DAPI_1,27,3896,1320,1024
http://10.128.24.33,80,Forrest,M247514_Rorb_1,REG_MARCH_21_DAPI_2,REG_MARCH_21_DAPI_1,26,2035,565,1024
http://10.128.24.33,80,Forrest,M247514_Rorb_1,REG_MARCH_21_DAPI_2,REG_MARCH_21_DAPI_1,95,3668,6797,1024
http://10.128.24.33,80,Forrest,M247514_Rorb_1,REG_MARCH_21_DAPI_2,REG_MARCH_21_DAPI_1,5,1482,2917,1024
http://10.128.24.33,80,Forrest,M247514_Rorb_1,REG_MARCH_21_DAPI_2,REG_MARCH_21_DAPI_1,72,139,8855,1024
http://10.128.24.33,80,Forrest,M247514_Rorb_1,REG_MARCH_21_DAPI_2,REG_MARCH_21_DAPI_1,42,167,2304,1024
http://10.128.24.33,80,Forrest,M247514_Rorb_1,REG_MARCH_21_DAPI_2,REG_MARCH_21_DAPI_1,16,1185,641,1024
http://10.128.24.33,80,Forrest,M247514_Rorb_1,REG_MARCH_21_DAPI_2,REG_MARCH_21_DAPI_1,39,138,9040,1024
http://10.128.24.33,80,Forrest,M247514_Rorb_1,REG_MARCH_21_DAPI_2,REG_MARCH_21_DAPI_1,88,3429,6281,1024
http://10.128.24.33,80,Forrest,M247514_Rorb_1,REG_MARCH_21_DAPI_2,REG_MARCH_21_DAPI_1,97,540,5755,1024
http://10.128.24.33,80,Forrest,M247514_Rorb_1,REG_MARCH_21_DAPI_2,REG_MARCH_21_DAPI_1,66,448,5489,1024
http://10.128.24.33,80,Forrest,M247514_Rorb_1,REG_MARCH_21_DAPI_2,REG_MARCH_21_DAPI_1,74,1473,2142,1024
http://10.128.24.33,80,Forrest,M247514_Rorb_1,REG_MARCH_21_DAPI_2,REG_MARCH_21_DAPI_1,42,4045,7276,1024
http://10.128.24.33,80,Forrest,M247514_Rorb_1,REG_MARCH_21_DAPI_2,REG_MARCH_21_DAPI_1,94,1886,4203,1024
http://10.128.24.33,80,Forrest,M247514_Rorb_1,REG_MARCH_21_DAPI_2,REG_MARCH_21_DAPI_1,31,535,5320,1024
http://10.128.24.33,80,Forrest,M247514_Rorb_1,REG_MARCH_21_DAPI_2,REG_MARCH_21_DAPI_1,9,3276,5873,1024
http://10.128.24.33,80,Forrest,M247514_Rorb_1,REG_MARCH_21_DAPI_2,REG_MARCH_21_DAPI_1,70,4112,5066,1024
http://10.128.24.33,80,Forrest,M247514_Rorb_1,REG_MARCH_21_DAPI_2,REG_MARCH_21_DAPI_1,61,2709,3549,1024
http://10.128.24.33,80,Forrest,M247514_Rorb_1,REG_MARCH_21_DAPI_2,REG_MARCH_21_DAPI_1,40,500,1984,1024
http://10.128.24.33,80,Forrest,M247514_Rorb_1,REG_MARCH_21_DAPI_2,REG_MARCH_21_DAPI_1,80,1204,2998,1024
http://10.128.24.33,80,Forrest,M247514_Rorb_1,REG_MARCH_21_DAPI_2,REG_MARCH_21_DAPI_1,32,3463,8052,1024
http://10.128.24.33,80,Forrest,M247514_Rorb_1,REG_MARCH_21_DAPI_2,REG_MARCH_21_DAPI_1,75,847,6655,1024
http://10.128.24.33,80,Forrest,M247514_Rorb_1,REG_MARCH_21_DAPI_2,REG_MARCH_21_DAPI_1,11,40,509,1024
http://10.128.24.33,80,Forrest,M247514_Rorb_1,REG_MARCH_21_DAPI_2,REG_MARCH_21_DAPI_1,40,461,4563,1024
http://10.128.24.33,80,Forrest,M247514_Rorb_1,REG_MARCH_21_DAPI_2,REG_MARCH_21_DAPI_1,94,4354,4944,1024
http://10.128.24.33,80,Forrest,M247514_Rorb_1,REG_MARCH_21_DAPI_2,REG_MARCH_21_DAPI_1,46,3167,651,1024
http://10.128.24.33,80,Forrest,M247514_Rorb_1,REG_MARCH_21_DAPI_2,REG_MARCH_21_DAPI_1,89,3006,620,1024
http://10.128.24.33,80,Forrest,M247514_Rorb_1,REG_MARCH_21_DAPI_2,REG_MARCH_21_DAPI_1,6,1933,7721,1024
http://10.128.24.33,80,Forrest,M247514_Rorb_1,REG_MARCH_21_DAPI_2,REG_MARCH_21_DAPI_1,28,3394,8486,1024
http://10.128.24.33,80,Forrest,M247514_Rorb_1,REG_MARCH_21_DAPI_2,REG_MARCH_21_DAPI_1,31,671,6522,1024
http://10.128.24.33,80,Forrest,M247514_Rorb_1,REG_MARCH_21_DAPI_2,REG_MARCH_21_DAPI_1,55,2320,1979,1024
http://10.128.24.33,80,Forrest,M247514_Rorb_1,REG_MARCH_21_DAPI_2,REG_MARCH_21_DAPI_1,47,3820,6568,1024
http://10.128.24.33,80,Forrest,M247514_Rorb_1,REG_MARCH_21_DAPI_2,REG_MARCH_21_DAPI_1,53,4200,4781,1024
http://10.128.24.33,80,Forrest,M247514_Rorb_1,REG_MARCH_21_DAPI_2,REG_MARCH_21_DAPI_1,65,4617,795,1024
http://10.128.24.33,80,Forrest,M247514_Rorb_1,REG_MARCH_21_DAPI_2,REG_MARCH_21_DAPI_1,75,3487,1554,1024
http://10.128.24.33,80,Forrest,M247514_Rorb_1,REG_MARCH_21_DAPI_2,REG_MARCH_21_DAPI_1,42,47,5040,1024
http://10.128.24.33,80,Forrest,M247514_Rorb_1,REG_MARCH_21_DAPI_2,REG_MARCH_21_DAPI_1,7,3616,254,1024
http://10.128.24.33,80,Forrest,M247514_Rorb_1,REG_MARCH_21_DAPI_2,REG_MARCH_21_DAPI_1,101,1642,2400,1024
http://10.128.24.33,80,Forrest,M247514_Rorb_1,REG_MARCH_21_DAPI_2,REG_MARCH_21_DAPI_1,58,4041,3568,1024
http://10.128.24.33,80,Forrest,M247514_Rorb_1,REG_MARCH_21_DAPI_2,REG_MARCH_21_DAPI_1,1,1135,6949,1024
http://10.128.24.33,80,Forrest,M247514_Rorb_1,REG_MARCH_21_DAPI_2,REG_MARCH_21_DAPI_1,35,3165,7917,1024
http://10.128.24.33,80,Forrest,M247514_Rorb_1,REG_MARCH_21_DAPI_2,REG_MARCH_21_DAPI_1,64,3202,1126,1024
http://10.128.24.33,80,Forrest,M247514_Rorb_1,REG_MARCH_21_DAPI_2,REG_MARCH_21_DAPI_1,44,2076,3717,1024
http://10.128.24.33,80,Forrest,M247514_Rorb_1,REG_MARCH_21_DAPI_2,REG_MARCH_21_DAPI_1,10,3051,3599,1024
http://10.128.24.33,80,Forrest,M247514_Rorb_1,REG_MARCH_21_DAPI_2,REG_MARCH_21_DAPI_1,98,1480,4568,1024
http://10.128.24.33,80,Forrest,M247514_Rorb_1,REG_MARCH_21_DAPI_2,REG_MARCH_21_DAPI_1,32,3557,2267,1024
http://10.128.24.33,80,Forrest,M247514_Rorb_1,REG_MARCH_21_DAPI_2,REG_MARCH_21_DAPI_1,68,3998,3754,1024
http://10.128.24.33,80,Forrest,M247514_Rorb_1,REG_MARCH_21_DAPI_2,REG_MARCH_21_DAPI_1,25,2760,7647,1024
http://10.128.24.33,80,Forrest,M247514_Rorb_1,REG_MARCH_21_DAPI_2,REG_MARCH_21_DAPI_1,44,240,4814,1024
http://10.128.24.33,80,Forrest,M247514_Rorb_1,REG_MARCH_21_DAPI_2,REG_MARCH_21_DAPI_1,54,3583,4693,1024
http://10.128.24.33,80,Forrest,M247514_Rorb_1,REG_MARCH_21_DAPI_2,REG_MARCH_21_DAPI_1,66,1451,2032,1024
http://10.128.24.33,80,Forrest,M247514_Rorb_1,REG_MARCH_21_DAPI_2,REG_MARCH_21_DAPI_1,0,3347,2336,1024
http://10.128.24.33,80,Forrest,M247514_Rorb_1,REG_MARCH_21_DAPI_2,REG_MARCH_21_DAPI_1,20,44,3444,1024
http://10.128.24.33,80,Forrest,M247514_Rorb_1,REG_MARCH_21_DAPI_2,REG_MARCH_21_DAPI_1,45,2680,7994,1024
http://10.128.24.33,80,Forrest,M247514_Rorb_1,REG_MARCH_21_DAPI_2,REG_MARCH_21_DAPI_1,13,1103,3132,1024
http://10.128.24.33,80,Forrest,M247514_Rorb_1,REG_MARCH_21_DAPI_2,REG_MARCH_21_DAPI_1,38,1790,7546,1024
http://10.128.24.33,80,Forrest,M247514_Rorb_1,REG_MARCH_21_DAPI_2,REG_MARCH_21_DAPI_1,73,623,1858,1024
http://10.128.24.33,80,Forrest,M247514_Rorb_1,REG_MARCH_21_DAPI_2,REG_MARCH_21_DAPI_1,55,3856,6476,1024
http://10.128.24.33,80,Forrest,M247514_Rorb_1,REG_MARCH_21_DAPI_2,REG_MARCH_21_DAPI_1,38,2409,562,1024
http://10.128.24.33,80,Forrest,M247514_Rorb_1,REG_MARCH_21_DAPI_2,REG_MARCH_21_DAPI_1,68,240,6137,1024
http://10.128.24.33,80,Forrest,M247514_Rorb_1,REG_MARCH_21_DAPI_2,REG_MARCH_21_DAPI_1,42,1657,1122,1024
http://10.128.24.33,80,Forrest,M247514_Rorb_1,REG_MARCH_21_DAPI_2,REG_MARCH_21_DAPI_1,70,2276,4540,1024
http://10.128.24.33,80,Forrest,M247514_Rorb_1,REG_MARCH_21_DAPI_2,REG_MARCH_21_DAPI_1,0,2071,1275,1024
http://10.128.24.33,80,Forrest,M247514_Rorb_1,REG_MARCH_21_DAPI_2,REG_MARCH_21_DAPI_1,35,1712,867,1024
http://10.128.24.33,80,Forrest,M247514_Rorb_1,REG_MARCH_21_DAPI_2,REG_MARCH_21_DAPI_1,0,2286,6479,1024
http://10.128.24.33,80,Forrest,M247514_Rorb_1,REG_MARCH_21_DAPI_2,REG_MARCH_21_DAPI_1,32,1973,4071,1024
http://10.128.24.33,80,Forrest,M247514_Rorb_1,REG_MARCH_21_DAPI_2,REG_MARCH_21_DAPI_1,80,1448,4366,1024
http://10.128.24.33,80,Forrest,M247514_Rorb_1,REG_MARCH_21_DAPI_2,REG_MARCH_21_DAPI_1,16,1862,8156,1024
http://10.128.24.33,80,Forrest,M247514_Rorb_1,REG_MARCH_21_DAPI_2,REG_MARCH_21_DAPI_1,71,1546,8660,1024
http://10.128.24.33,80,Forrest,M247514_Rorb_1,REG_MARCH_21_DAPI_2,REG_MARCH_21_DAPI_1,39,615,7021,1024
http://10.128.24.33,80,Forrest,M247514_Rorb_1,REG_MARCH_21_DAPI_2,REG_MARCH_21_DAPI_1,58,2641,1698,1024
http://10.128.24.33,80,Forrest,M247514_Rorb_1,REG_MARCH_21_DAPI_2,REG_MARCH_21_DAPI_1,67,3818,5635,1024
http://10.128.24.33,80,Forrest,M247514_Rorb_1,REG_MARCH_21_DAPI_2,REG_MARCH_21_DAPI_1,37,438,8993,1024
http://10.128.24.33,80,Forrest,M247514_Rorb_1,REG_MARCH_21_DAPI_2,REG_MARCH_21_DAPI_1,41,2383,7201,1024
http://10.128.24.33,80,Forrest,M247514_Rorb_1,REG_MARCH_21_DAPI_2,REG_MARCH_21_DAPI_1,18,2290,3290,1024
http://10.128.24.33,80,Forrest,M247514_Rorb_1,REG_MARCH_21_DAPI_2,REG_MARCH_21_DAPI_1,25,3770,2560,1024
http://10.128.24.33,80,Forrest,M247514_Rorb_1,REG_MARCH_21_DAPI_2,REG_MARCH_21_DAPI_1,81,2314,5415,1024
http://10.128.24.33,80,Forrest,M247514_Rorb_1,REG_MARCH_21_DAPI_2,REG_MARCH_21_DAPI_1,65,2748,6428,1024
http://10.128.24.33,80,Forrest,M247514_Rorb_1,REG_MARCH_21_DAPI_2,REG_MARCH_21_DAPI_1,18,325,839,1024
http://10.128.24.33,80,Forrest,M247514_Rorb_1,REG_MARCH_21_DAPI_2,REG_MARCH_21_DAPI_1,96,2065,5128,1024
http://10.128.24.33,80,Forrest,M247514_Rorb_1,REG_MARCH_21_DAPI_2,REG_MARCH_21_DAPI_1,68,550,4894,1024
http://10.128.24.33,80,Forrest,M247514_Rorb_1,REG_MARCH_21_DAPI_2,REG_MARCH_21_DAPI_1,98,3141,6794,1024
http://10.128.24.33,80,Forrest,M247514_Rorb_1,REG_MARCH_21_DAPI_2,REG_MARCH_21_DAPI_1,4,3326,1220,1024
http://10.128.24.33,80,Forrest,M247514_Rorb_1,REG_MARCH_21_DAPI_2,REG_MARCH_21_DAPI_1,14,350,2970,1024
http://10.128.24.33,80,Forrest,M247514_Rorb_1,REG_MARCH_21_DAPI_2,REG_MARCH_21_DAPI_1,59,5232,1241,1024
http://10.128.24.33,80,Forrest,M247514_Rorb_1,REG_MARCH_21_DAPI_2,REG_MARCH_21_DAPI_1,96,2970,8310,1024
http://10.128.24.33,80,Forrest,M247514_Rorb_1,REG_MARCH_21_DAPI_2,REG_MARCH_21_DAPI_1,51,3969,5914,1024
http://10.128.24.33,80,Forrest,M247514_Rorb_1,REG_MARCH_21_DAPI_2,REG_MARCH_21_DAPI_1,27,2885,5211,1024
http://10.128.24.33,80,Forrest,M247514_Rorb_1,REG_MARCH_21_DAPI_2,REG_MARCH_21_DAPI_1,7,2848,6433,1024
http://10.128.24.33,80,Forrest,M247514_Rorb_1,REG_MARCH_21_DAPI_2,REG_MARCH_21_DAPI_1,96,673,5178,1024
http://10.128.24.33,80,Forrest,M247514_Rorb_1,REG_MARCH_21_DAPI_2,REG_MARCH_21_DAPI_1,61,1087,8333,1024
http://10.128.24.33,80,Forrest,M247514_Rorb_1,REG_MARCH_21_DAPI_2,REG_MARCH_21_DAPI_1,22,3918,490,1024
http://10.128.24.33,80,Forrest,M247514_Rorb_1,REG_MARCH_21_DAPI_2,REG_MARCH_21_DAPI_1,85,3630,9070,1024
http://10.128.24.33,80,Forrest,M247514_Rorb_1,REG_MARCH_21_DAPI_2,REG_MARCH_21_DAPI_1,36,803,2093,1024
http://10.128.24.33,80,Forrest,M247514_Rorb_1,REG_MARCH_21_DAPI_2,REG_MARCH_21_DAPI_1,1,2858,3780,1024
http://10.128.24.33,80,Forrest,M247514_Rorb_1,REG_MARCH_21_DAPI_2,REG_MARCH_21_DAPI_1,41,302,5679,1024
http://10.128.24.33,80,Forrest,M247514_Rorb_1,REG_MARCH_21_DAPI_2,REG_MARCH_21_DAPI_1,17,1451,7107,1024
http://10.128.24.33,80,Forrest,M247514_Rorb_1,REG_MARCH_21_DAPI_2,REG_MARCH_21_DAPI_1,0,2575,3590,1024
http://10.128.24.33,80,Forrest,M247514_Rorb_1,REG_MARCH_21_DAPI_2,REG_MARCH_21_DAPI_1,62,4733,2977,1024
http://10.128.24.33,80,Forrest,M247514_Rorb_1,REG_MARCH_21_DAPI_2,REG_MARCH_21_DAPI_1,87,185,2156,1024
http://10.128.24.33,80,Forrest,M247514_Rorb_1,REG_MARCH_21_DAPI_2,REG_MARCH_21_DAPI_1,25,1469,3642,1024
http://10.128.24.33,80,Forrest,M247514_Rorb_1,REG_MARCH_21_DAPI_2,REG_MARCH_21_DAPI_1,92,874,4072,1024
http://10.128.24.33,80,Forrest,M247514_Rorb_1,REG_MARCH_21_DAPI_2,REG_MARCH_21_DAPI_1,4,907,9065,1024
http://10.128.24.33,80,Forrest,M247514_Rorb_1,REG_MARCH_21_DAPI_2,REG_MARCH_21_DAPI_1,52,3199,1514,1024
http://10.128.24.33,80,Forrest,M247514_Rorb_1,REG_MARCH_21_DAPI_2,REG_MARCH_21_DAPI_1,73,1053,3935,1024
http://10.128.24.33,80,Forrest,M247514_Rorb_1,REG_MARCH_21_DAPI_2,REG_MARCH_21_DAPI_1,49,3146,3867,1024
http://10.128.24.33,80,Forrest,M247514_Rorb_1,REG_MARCH_21_DAPI_2,REG_MARCH_21_DAPI_1,4,3067,2834,1024
http://10.128.24.33,80,Forrest,M247514_Rorb_1,REG_MARCH_21_DAPI_2,REG_MARCH_21_DAPI_1,60,1056,4311,1024
http://10.128.24.33,80,Forrest,M247514_Rorb_1,REG_MARCH_21_DAPI_2,REG_MARCH_21_DAPI_1,40,12,784,1024
http://10.128.24.33,80,Forrest,M247514_Rorb_1,REG_MARCH_21_DAPI_2,REG_MARCH_21_DAPI_1,67,4147,7130,1024
http://10.128.24.33,80,Forrest,M247514_Rorb_1,REG_MARCH_21_DAPI_2,REG_MARCH_21_DAPI_1,74,3655,603,1024
http://10.128.24.33,80,Forrest,M247514_Rorb_1,REG_MARCH_21_DAPI_2,REG_MARCH_21_DAPI_1,41,3052,2438,1024
http://10.128.24.33,80,Forrest,M247514_Rorb_1,REG_MARCH_21_DAPI_2,REG_MARCH_21_DAPI_1,11,3540,8796,1024
http://10.128.24.33,80,Forrest,M247514_Rorb_1,REG_MARCH_21_DAPI_2,REG_MARCH_21_DAPI_1,60,1756,2283,1024
http://10.128.24.33,80,Forrest,M247514_Rorb_1,REG_MARCH_21_DAPI_2,REG_MARCH_21_DAPI_1,88,2208,7899,1024
http://10.128.24.33,80,Forrest,M247514_Rorb_1,REG_MARCH_21_DAPI_2,REG_MARCH_21_DAPI_1,12,1335,8515,1024
http://10.128.24.33,80,Forrest,M247514_Rorb_1,REG_MARCH_21_DAPI_2,REG_MARCH_21_DAPI_1,26,3778,254,1024
http://10.128.24.33,80,Forrest,M247514_Rorb_1,REG_MARCH_21_DAPI_2,REG_MARCH_21_DAPI_1,67,1545,8630,1024
http://10.128.24.33,80,Forrest,M247514_Rorb_1,REG_MARCH_21_DAPI_2,REG_MARCH_21_DAPI_1,91,2442,5602,1024
http://10.128.24.33,80,Forrest,M247514_Rorb_1,REG_MARCH_21_DAPI_2,REG_MARCH_21_DAPI_1,38,757,6725,1024
http://10.128.24.33,80,Forrest,M247514_Rorb_1,REG_MARCH_21_DAPI_2,REG_MARCH_21_DAPI_1,92,2644,9028,1024
http://10.128.24.33,80,Forrest,M247514_Rorb_1,REG_MARCH_21_DAPI_2,REG_MARCH_21_DAPI_1,4,3568,4342,1024
http://10.128.24.33,80,Forrest,M247514_Rorb_1,REG_MARCH_21_DAPI_2,REG_MARCH_21_DAPI_1,8,2481,7610,1024
http://10.128.24.33,80,Forrest,M247514_Rorb_1,REG_MARCH_21_DAPI_2,REG_MARCH_21_DAPI_1,62,1873,2887,1024
http://10.128.24.33,80,Forrest,M247514_Rorb_1,REG_MARCH_21_DAPI_2,REG_MARCH_21_DAPI_1,5,3604,1090,1024
http://10.128.24.33,80,Forrest,M247514_Rorb_1,REG_MARCH_21_DAPI_2,REG_MARCH_21_DAPI_1,21,1492,8370,1024
http://10.128.24.33,80,Forrest,M247514_Rorb_1,REG_MARCH_21_DAPI_2,REG_MARCH_21_DAPI_1,74,220,5301,1024
http://10.128.24.33,80,Forrest,M247514_Rorb_1,REG_MARCH_21_DAPI_2,REG_MARCH_21_DAPI_1,81,956,4631,1024
http://10.128.24.33,80,Forrest,M247514_Rorb_1,REG_MARCH_21_DAPI_2,REG_MARCH_21_DAPI_1,55,4163,420,1024
http://10.128.24.33,80,Forrest,M247514_Rorb_1,REG_MARCH_21_DAPI_2,REG_MARCH_21_DAPI_1,77,4024,6496,1024
http://10.128.24.33,80,Forrest,M247514_Rorb_1,REG_MARCH_21_DAPI_2,REG_MARCH_21_DAPI_1,68,3132,633,1024
http://10.128.24.33,80,Forrest,M247514_Rorb_1,REG_MARCH_21_DAPI_2,REG_MARCH_21_DAPI_1,73,2156,861,1024
http://10.128.24.33,80,Forrest,M247514_Rorb_1,REG_MARCH_21_DAPI_2,REG_MARCH_21_DAPI_1,31,3742,4583,1024
http://10.128.24.33,80,Forrest,M247514_Rorb_1,REG_MARCH_21_DAPI_2,REG_MARCH_21_DAPI_1,10,4264,3382,1024
http://10.128.24.33,80,Forrest,M247514_Rorb_1,REG_MARCH_21_DAPI_2,REG_MARCH_21_DAPI_1,42,2337,7751,1024
http://10.128.24.33,80,Forrest,M247514_Rorb_1,REG_MARCH_21_DAPI_2,REG_MARCH_21_DAPI_1,82,911,844,1024
http://10.128.24.33,80,Forrest,M247514_Rorb_1,REG_MARCH_21_DAPI_2,REG_MARCH_21_DAPI_1,18,3620,7800,1024
http://10.128.24.33,80,Forrest,M247514_Rorb_1,REG_MARCH_21_DAPI_2,REG_MARCH_21_DAPI_1,68,3693,2585,1024
http://10.128.24.33,80,Forrest,M247514_Rorb_1,REG_MARCH_21_DAPI_2,REG_MARCH_21_DAPI_1,59,1745,6224,1024
http://10.128.24.33,80,Forrest,M247514_Rorb_1,REG_MARCH_21_DAPI_2,REG_MARCH_21_DAPI_1,30,3296,6579,1024
http://10.128.24.33,80,Forrest,M247514_Rorb_1,REG_MARCH_21_DAPI_2,REG_MARCH_21_DAPI_1,57,2961,412,1024
http://10.128.24.33,80,Forrest,M247514_Rorb_1,REG_MARCH_21_DAPI_2,REG_MARCH_21_DAPI_1,38,2516,1684,1024
http://10.128.24.33,80,Forrest,M247514_Rorb_1,REG_MARCH_21_DAPI_2,REG_MARCH_21_DAPI_1,63,2699,3653,1024
http://10.128.24.33,80,Forrest,M247514_Rorb_1,REG_MARCH_21_DAPI_2,REG_MARCH_21_DAPI_1,63,4148,588,1024
http://10.128.24.33,80,Forrest,M247514_Rorb_1,REG_MARCH_21_DAPI_2,REG_MARCH_21_DAPI_1,29,4175,7049,1024
http://10.128.24.33,80,Forrest,M247514_Rorb_1,REG_MARCH_21_DAPI_2,REG_MARCH_21_DAPI_1,59,1187,8044,1024
http://10.128.24.33,80,Forrest,M247514_Rorb_1,REG_MARCH_21_DAPI_2,REG_MARCH_21_DAPI_1,23,1956,8369,1024
http://10.128.24.33,80,Forrest,M247514_Rorb_1,REG_MARCH_21_DAPI_2,REG_MARCH_21_DAPI_1,78,895,2545,1024
http://10.128.24.33,80,Forrest,M247514_Rorb_1,REG_MARCH_21_DAPI_2,REG_MARCH_21_DAPI_1,50,2846,256,1024
http://10.128.24.33,80,Forrest,M247514_Rorb_1,REG_MARCH_21_DAPI_2,REG_MARCH_21_DAPI_1,94,2834,831,1024
http://10.128.24.33,80,Forrest,M247514_Rorb_1,REG_MARCH_21_DAPI_2,REG_MARCH_21_DAPI_1,59,644,5434,1024
http://10.128.24.33,80,Forrest,M247514_Rorb_1,REG_MARCH_21_DAPI_2,REG_MARCH_21_DAPI_1,36,829,5267,1024
http://10.128.24.33,80,Forrest,M247514_Rorb_1,REG_MARCH_21_DAPI_2,REG_MARCH_21_DAPI_1,96,1490,1298,1024
http://10.128.24.33,80,Forrest,M247514_Rorb_1,REG_MARCH_21_DAPI_2,REG_MARCH_21_DAPI_1,29,3341,3766,1024
http://10.128.24.33,80,Forrest,M247514_Rorb_1,REG_MARCH_21_DAPI_2,REG_MARCH_21_DAPI_1,52,3028,8434,1024
http://10.128.24.33,80,Forrest,M247514_Rorb_1,REG_MARCH_21_DAPI_2,REG_MARCH_21_DAPI_1,101,641,881,1024
http://10.128.24.33,80,Forrest,M247514_Rorb_1,REG_MARCH_21_DAPI_2,REG_MARCH_21_DAPI_1,59,3572,6349,1024
http://10.128.24.33,80,Forrest,M247514_Rorb_1,REG_MARCH_21_DAPI_2,REG_MARCH_21_DAPI_1,33,1686,7974,1024
http://10.128.24.33,80,Forrest,M247514_Rorb_1,REG_MARCH_21_DAPI_2,REG_MARCH_21_DAPI_1,8,3039,5746,1024
http://10.128.24.33,80,Forrest,M247514_Rorb_1,REG_MARCH_21_DAPI_2,REG_MARCH_21_DAPI_1,3,3457,4506,1024
http://10.128.24.33,80,Forrest,M247514_Rorb_1,REG_MARCH_21_DAPI_2,REG_MARCH_21_DAPI_1,85,58,685,1024
http://10.128.24.33,80,Forrest,M247514_Rorb_1,REG_MARCH_21_DAPI_2,REG_MARCH_21_DAPI_1,96,4632,6429,1024
http://10.128.24.33,80,Forrest,M247514_Rorb_1,REG_MARCH_21_DAPI_2,REG_MARCH_21_DAPI_1,53,1124,6272,1024
http://10.128.24.33,80,Forrest,M247514_Rorb_1,REG_MARCH_21_DAPI_2,REG_MARCH_21_DAPI_1,93,2656,4623,1024
http://10.128.24.33,80,Forrest,M247514_Rorb_1,REG_MARCH_21_DAPI_2,REG_MARCH_21_DAPI_1,40,2895,4446,1024
http://10.128.24.33,80,Forrest,M247514_Rorb_1,REG_MARCH_21_DAPI_2,REG_MARCH_21_DAPI_1,91,1533,472,1024
http://10.128.24.33,80,Forrest,M247514_Rorb_1,REG_MARCH_21_DAPI_2,REG_MARCH_21_DAPI_1,17,2539,739,1024
http://10.128.24.33,80,Forrest,M247514_Rorb_1,REG_MARCH_21_DAPI_2,REG_MARCH_21_DAPI_1,7,78,7719,1024
http://10.128.24.33,80,Forrest,M247514_Rorb_1,REG_MARCH_21_DAPI_2,REG_MARCH_21_DAPI_1,10,1781,6530,1024
http://10.128.24.33,80,Forrest,M247514_Rorb_1,REG_MARCH_21_DAPI_2,REG_MARCH_21_DAPI_1,100,963,4609,1024
http://10.128.24.33,80,Forrest,M247514_Rorb_1,REG_MARCH_21_DAPI_2,REG_MARCH_21_DAPI_1,94,1112,3093,1024
http://10.128.24.33,80,Forrest,M247514_Rorb_1,REG_MARCH_21_DAPI_2,REG_MARCH_21_DAPI_1,19,727,9155,1024
http://10.128.24.33,80,Forrest,M247514_Rorb_1,REG_MARCH_21_DAPI_2,REG_MARCH_21_DAPI_1,62,304,8360,1024
http://10.128.24.33,80,Forrest,M247514_Rorb_1,REG_MARCH_21_DAPI_2,REG_MARCH_21_DAPI_1,86,2548,7770,1024
http://10.128.24.33,80,Forrest,M247514_Rorb_1,REG_MARCH_21_DAPI_2,REG_MARCH_21_DAPI_1,29,3400,5383,1024
http://10.128.24.33,80,Forrest,M247514_Rorb_1,REG_MARCH_21_DAPI_2,REG_MARCH_21_DAPI_1,2,1720,4158,1024
http://10.128.24.33,80,Forrest,M247514_Rorb_1,REG_MARCH_21_DAPI_2,REG_MARCH_21_DAPI_1,6,2619,4912,1024
http://10.128.24.33,80,Forrest,M247514_Rorb_1,REG_MARCH_21_DAPI_2,REG_MARCH_21_DAPI_1,13,4197,8571,1024
http://10.128.24.33,80,Forrest,M247514_Rorb_1,REG_MARCH_21_DAPI_2,REG_MARCH_21_DAPI_1,40,3015,1243,1024
http://10.128.24.33,80,Forrest,M247514_Rorb_1,REG_MARCH_21_DAPI_2,REG_MARCH_21_DAPI_1,90,1193,7948,1024
http://10.128.24.33,80,Forrest,M247514_Rorb_1,REG_MARCH_21_DAPI_2,REG_MARCH_21_DAPI_1,72,3046,3525,1024
http://10.128.24.33,80,Forrest,M247514_Rorb_1,REG_MARCH_21_DAPI_2,REG_MARCH_21_DAPI_1,64,4135,2351,1024
http://10.128.24.33,80,Forrest,M247514_Rorb_1,REG_MARCH_21_DAPI_2,REG_MARCH_21_DAPI_1,83,2331,2356,1024
http://10.128.24.33,80,Forrest,M247514_Rorb_1,REG_MARCH_21_DAPI_2,REG_MARCH_21_DAPI_1,57,2348,6889,1024
http://10.128.24.33,80,Forrest,M247514_Rorb_1,REG_MARCH_21_DAPI_2,REG_MARCH_21_DAPI_1,31,2553,8743,1024
http://10.128.24.33,80,Forrest,M247514_Rorb_1,REG_MARCH_21_DAPI_2,REG_MARCH_21_DAPI_1,7,2693,8483,1024
http://10.128.24.33,80,Forrest,M247514_Rorb_1,REG_MARCH_21_DAPI_2,REG_MARCH_21_DAPI_1,2,510,6345,1024
http://10.128.24.33,80,Forrest,M247514_Rorb_1,REG_MARCH_21_DAPI_2,REG_MARCH_21_DAPI_1,35,378,6980,1024
http://10.128.24.33,80,Forrest,M247514_Rorb_1,REG_MARCH_21_DAPI_2,REG_MARCH_21_DAPI_1,89,3722,4783,1024
http://10.128.24.33,80,Forrest,M247514_Rorb_1,REG_MARCH_21_DAPI_2,REG_MARCH_21_DAPI_1,94,1551,1802,1024
http://10.128.24.33,80,Forrest,M247514_Rorb_1,REG_MARCH_21_DAPI_2,REG_MARCH_21_DAPI_1,17,131,6403,1024
http://10.128.24.33,80,Forrest,M247514_Rorb_1,REG_MARCH_21_DAPI_2,REG_MARCH_21_DAPI_1,80,2989,4115,1024
http://10.128.24.33,80,Forrest,M247514_Rorb_1,REG_MARCH_21_DAPI_2,REG_MARCH_21_DAPI_1,76,4216,4707,1024
http://10.128.24.33,80,Forrest,M247514_Rorb_1,REG_MARCH_21_DAPI_2,REG_MARCH_21_DAPI_1,74,3025,7287,1024
http://10.128.24.33,80,Forrest,M247514_Rorb_1,REG_MARCH_21_DAPI_2,REG_MARCH_21_DAPI_1,14,3429,4563,1024
http://10.128.24.33,80,Forrest,M247514_Rorb_1,REG_MARCH_21_DAPI_2,REG_MARCH_21_DAPI_1,37,1575,7505,1024
http://10.128.24.33,80,Forrest,M247514_Rorb_1,REG_MARCH_21_DAPI_2,REG_MARCH_21_DAPI_1,9,1065,5960,1024
http://10.128.24.33,80,Forrest,M247514_Rorb_1,REG_MARCH_21_DAPI_2,REG_MARCH_21_DAPI_1,37,1910,5671,1024
http://10.128.24.33,80,Forrest,M247514_Rorb_1,REG_MARCH_21_DAPI_2,REG_MARCH_21_DAPI_1,70,1399,8717,1024
http://10.128.24.33,80,Forrest,M247514_Rorb_1,REG_MARCH_21_DAPI_2,REG_MARCH_21_DAPI_1,32,3703,6316,1024
http://10.128.24.33,80,Forrest,M247514_Rorb_1,REG_MARCH_21_DAPI_2,REG_MARCH_21_DAPI_1,25,2735,2293,1024
http://10.128.24.33,80,Forrest,M247514_Rorb_1,REG_MARCH_21_DAPI_2,REG_MARCH_21_DAPI_1,16,195,8785,1024
http://10.128.24.33,80,Forrest,M247514_Rorb_1,REG_MARCH_21_DAPI_2,REG_MARCH_21_DAPI_1,39,2028,4508,1024
http://10.128.24.33,80,Forrest,M247514_Rorb_1,REG_MARCH_21_DAPI_2,REG_MARCH_21_DAPI_1,11,233,2931,1024
http://10.128.24.33,80,Forrest,M247514_Rorb_1,REG_MARCH_21_DAPI_2,REG_MARCH_21_DAPI_1,31,1918,667,1024
http://10.128.24.33,80,Forrest,M247514_Rorb_1,REG_MARCH_21_DAPI_2,REG_MARCH_21_DAPI_1,57,3550,8677,1024
http://10.128.24.33,80,Forrest,M247514_Rorb_1,REG_MARCH_21_DAPI_2,REG_MARCH_21_DAPI_1,11,50,1745,1024
http://10.128.24.33,80,Forrest,M247514_Rorb_1,REG_MARCH_21_DAPI_2,REG_MARCH_21_DAPI_1,49,4133,2215,1024
http://10.128.24.33,80,Forrest,M247514_Rorb_1,REG_MARCH_21_DAPI_2,REG_MARCH_21_DAPI_1,95,2064,6288,1024
http://10.128.24.33,80,Forrest,M247514_Rorb_1,REG_MARCH_21_DAPI_2,REG_MARCH_21_DAPI_1,84,873,8759,1024
http://10.128.24.33,80,Forrest,M247514_Rorb_1,REG_MARCH_21_DAPI_2,REG_MARCH_21_DAPI_1,88,4050,8825,1024
http://10.128.24.33,80,Forrest,M247514_Rorb_1,REG_MARCH_21_DAPI_2,REG_MARCH_21_DAPI_1,98,4105,4074,1024
http://10.128.24.33,80,Forrest,M247514_Rorb_1,REG_MARCH_21_DAPI_2,REG_MARCH_21_DAPI_1,87,1180,3518,1024
http://10.128.24.33,80,Forrest,M247514_Rorb_1,REG_MARCH_21_DAPI_2,REG_MARCH_21_DAPI_1,7,278,6406,1024
http://10.128.24.33,80,Forrest,M247514_Rorb_1,REG_MARCH_21_DAPI_2,REG_MARCH_21_DAPI_1,30,1401,3545,1024
http://10.128.24.33,80,Forrest,M247514_Rorb_1,REG_MARCH_21_DAPI_2,REG_MARCH_21_DAPI_1,83,4480,5656,1024
http://10.128.24.33,80,Forrest,M247514_Rorb_1,REG_MARCH_21_DAPI_2,REG_MARCH_21_DAPI_1,9,2658,3792,1024
http://10.128.24.33,80,Forrest,M247514_Rorb_1,REG_MARCH_21_DAPI_2,REG_MARCH_21_DAPI_1,75,2347,6179,1024
http://10.128.24.33,80,Forrest,M247514_Rorb_1,REG_MARCH_21_DAPI_2,REG_MARCH_21_DAPI_1,50,4358,2426,1024
http://10.128.24.33,80,Forrest,M247514_Rorb_1,REG_MARCH_21_DAPI_2,REG_MARCH_21_DAPI_1,67,2033,850,1024
http://10.128.24.33,80,Forrest,M247514_Rorb_1,REG_MARCH_21_DAPI_2,REG_MARCH_21_DAPI_1,40,1860,2054,1024
http://10.128.24.33,80,Forrest,M247514_Rorb_1,REG_MARCH_21_DAPI_2,REG_MARCH_21_DAPI_1,83,2993,5949,1024
